<?xml version = "1.0" encoding = "UTF-8"?>
<beans xmlns = "http://www.springframework.org/schema/beans"
   xmlns:xsi = "http://www.w3.org/2001/XMLSchema-instance" 
   xmlns:aop = "http://www.springframework.org/schema/aop"
   xsi:schemaLocation = "http://www.springframework.org/schema/beans
   http://www.springframework.org/schema/beans/spring-beans-3.0.xsd 
   http://www.springframework.org/schema/aop 
   http://www.springframework.org/schema/aop/spring-aop-3.0.xsd ">
   <aop:aspectj-autoproxy />
  <bean id="circle" class="com.tech4life.classes.Circle">
  <property name="name" value="circle-shape">
 </property>
</bean>

<bean id="triangle" class="com.tech4life.classes.Triangle">
<property name="name" value="Triangle-shape">
</property>
</bean>

<bean id="shapeServices" class="com.tech4life.classes.ShapeService" autowire="byName"/>
<bean id="Loginaspect" class="com.tech4life.aspect.Loginaspect"/>

</beans>